owner,experiment,model,n_features,accuracy,precision,recall,f1,roc_auc,roc_auc_std
M3,encoding_drop,Logistic,11,0.7167620203757575,0.8924634338206923,0.5738760981930577,0.6985254982259261,0.7445199913785684,0.003774725086344
M3,encoding_drop,HistGB,11,0.7164799159306221,0.8592613249616093,0.6029395063712019,0.7086058272892395,0.769194094206305,0.0040523264571677
M3,encoding_onehot,Logistic,11,0.7110225195994848,0.8730221383713976,0.5788603214141838,0.6961106735510775,0.7449246192173663,0.003652243117177
M3,encoding_onehot,HistGB,11,0.7150766746171769,0.8560294668416585,0.6031802772226497,0.7076550615224543,0.7680017700331124,0.0043578700067411
M3,encoding_onehot_rare,Logistic,11,0.7153870700172292,0.8906931022493023,0.5725828629176597,0.6970303677317597,0.7452059255428496,0.0040030294212761
M3,encoding_onehot_rare,HistGB,11,0.7145297703229265,0.8564236440181219,0.601683989670684,0.7067398058117732,0.7695878817622837,0.0036358225091774
M3,encoding_target,Logistic,11,0.7141407410341151,0.8847780916563142,0.5750184349836532,0.6969973443413343,0.7450058394297645,0.0034424710488404
M3,encoding_target,HistGB,11,0.7173196840634732,0.8635050115578728,0.600582327536581,0.7084268646965352,0.7719535126522781,0.0039110568951912
M3,features_Shipping Mode only,Logistic,1,0.6967916906913874,0.8867861953143995,0.538527302273274,0.670077314313596,0.7414443481752844,0.0031735896199373
M3,features_Shipping Mode only,HistGB,1,0.6967916906913874,0.8867861953143995,0.538527302273274,0.670077314313596,0.7414443481752844,0.0031735896199373
M3,features_team list without date features,Logistic,6,0.6959457270149987,0.874843990287608,0.5465340898125843,0.6727107861661772,0.7408909231973999,0.0042566138786689
M3,features_team list without date features,HistGB,6,0.6941145410431776,0.8564607647864516,0.5587884642518448,0.6762616893135174,0.7429234979312888,0.0035241165749723
M3,features_team list (FINAL),Logistic,11,0.7141407410341151,0.8847780916563142,0.5750184349836532,0.6969973443413343,0.7450058394297645,0.0034424710488404
M3,features_team list (FINAL),HistGB,11,0.7173196840634732,0.8635050115578728,0.600582327536581,0.7084268646965352,0.7719535126522781,0.0039110568951912
M4,scaler_none,Logistic,11,0.7145891986185483,0.8857210279147838,0.5751285765563545,0.6973690168068752,0.7448857944339753,0.00386647142221
M4,scaler_none,KNN (30% orders),11,0.6301067822636506,0.6836031811391952,0.6419556430275603,0.662095502024345,0.6734350474630886,0.0032756642693814
M4,scaler_standard,Logistic,11,0.7141407410341151,0.8847780916563142,0.5750184349836532,0.6969973443413343,0.7450058394297645,0.003848799637891
M4,scaler_standard,KNN (30% orders),11,0.6709925904510299,0.727477355356122,0.6672432651509814,0.696034865568365,0.7441912343658867,0.003804251340865
M4,scaler_robust,Logistic,11,0.7143134512460279,0.8848624454928119,0.5752937052900011,0.6972251005786265,0.7449467478782045,0.003794116593622
M4,scaler_robust,KNN (30% orders),11,0.6740706976569435,0.7322939173135332,0.6662470594635003,0.6976900121068461,0.7395682833968842,0.0035794817533441
M4,scaler_minmax,Logistic,11,0.7146404838001806,0.8858299791836132,0.5751461481833873,0.6974126365183253,0.7449474607743398,0.0037636780594044
M4,scaler_minmax,KNN (30% orders),11,0.6718958579264166,0.7274874623505543,0.6697911047095735,0.6974068432371022,0.7418769593056347,0.0046118383709114
M4,scaler_none,HistGB (tree),11,0.7173196840634732,0.8635050115578728,0.600582327536581,0.7084268646965352,0.7719535126522781,0.0043726945407584
M4,scaler_standard,HistGB (tree),11,0.7173196840634732,0.8635050115578728,0.600582327536581,0.7084268646965352,0.7719535126522781,0.0043726945407584
M4,reference,Baseline: always 'late',11,0.5717884962849378,0.5717884962849378,1.0,0.727542425048502,0.5,0.0
M4,reference,Baseline: Shipping Mode only,11,0.6967916906913874,0.8867861953143995,0.538527302273274,0.670077314313596,0.7414443481752844,0.0035481810614338
M4,reference,Team features: Logistic,11,0.7141407410341151,0.8847780916563142,0.5750184349836532,0.6969973443413343,0.7450058394297645,0.003848799637891
M4,reference,Team features: HistGB (default),11,0.7173196840634732,0.8635050115578728,0.600582327536581,0.7084268646965352,0.7719535126522781,0.0043726945407584
M1,Logistic_default,Logistic,11,0.7141407410341151,0.8847780916563142,0.5750184349836532,0.6969973443413343,0.7450058394297645,0.003848799637891
M1,Logistic_tuned,Logistic,11,0.7140823322933312,0.8847149077837354,0.5749525599835008,0.6969290712094486,0.7450128234678303,0.003833011107269
M2,RandomForest_default,RandomForest,11,0.6912320202324662,0.7635480138236647,0.6664380203941622,0.7116399021119995,0.7664412551525996,0.0029930589244992
M2,RandomForest_tuned,RandomForest,11,0.7227987585239946,0.8940888993312534,0.5845087860752407,0.706854570982579,0.7724660845008987,0.0046037844583625
M3,XGBoost_default,XGBoost,11,0.7137568107912405,0.8454768231975398,0.6112526802762229,0.7094622088560447,0.7690601610345029,0.00430018200269
M3,XGBoost_tuned,XGBoost,11,0.7224012682033921,0.8906984231094773,0.5865468321381787,0.7072773049624993,0.7738148090988226,0.0025747421519596
M4,DecisionTree_default,DecisionTree,11,0.6476941945664257,0.6918282128919867,0.6922138087628436,0.6919928192136754,0.6410777795852048,0.0038518000723881
M4,DecisionTree_tuned,DecisionTree,11,0.7227544535999078,0.8937015358041585,0.5847424907235839,0.7069000897078468,0.7761026501494965,0.0033398923692983
M4,KNN_default,KNN,11,0.6800937043249288,0.7439355638111715,0.6718650930906378,0.7060113297154758,0.7522675806829288,0.0034716107037032
M4,KNN_tuned,KNN,11,0.7064433559761503,0.8259965079628826,0.6166384805090305,0.7060474852062848,0.7602321028332607,0.0039618762025067
Team,FINAL_test,DecisionTree,11,0.7237215497770313,0.8939072446195817,0.591663740783468,0.7120393565327618,0.7731723257369435,
Team,FINAL_test,DecisionTree,11,0.7237215497770313,0.8939072446195817,0.591663740783468,0.7120393565327618,0.7731723257369435,
Team,FINAL_test,DecisionTree,11,0.7237215497770313,0.8939072446195817,0.591663740783468,0.7120393565327618,0.7731723257369435,
