owner,experiment,model,n_features,MAE,MAE_std,RMSE,R2,MedAE,within_1_day_%,bias
M3,encoding_drop,Ridge,11,0.9927741086008242,0.0079161616286747,1.2710928224090503,0.3887388088943226,,,
M3,encoding_drop,HistGB,11,0.9859366344867956,0.008895155482418,1.278880968852424,0.3812187402540773,,,
M3,encoding_onehot,Ridge,11,1.0026562570405648,0.0077677173409347,1.2750155346057643,0.3849607278187738,,,
M3,encoding_onehot,HistGB,11,0.9874881105693092,0.0081493078788071,1.2798242156584076,0.380326680673159,,,
M3,encoding_onehot_rare,Ridge,11,0.9962066294220752,0.0077098331189558,1.2714520531830695,0.3883928175610207,,,
M3,encoding_onehot_rare,HistGB,11,0.9871795843691552,0.0082593755447295,1.279011270095837,0.3811031293304451,,,
M3,encoding_target,Ridge,11,0.996017192168792,0.0082480820031136,1.2720431349119805,0.387825567800613,,,
M3,encoding_target,HistGB,11,0.9835679753868672,0.0062486860514438,1.2760049471573207,0.3840153124210151,,,
M3,features_Shipping Mode only,Ridge,1,0.9866942118770168,0.0072705857332253,1.2710299436013393,0.3887967768597299,,,
M3,features_Shipping Mode only,HistGB,1,0.9869999220684926,0.0074871227511057,1.271025830448124,0.3888007479252948,,,
M3,features_team list without date features,Ridge,6,0.9939440790923376,0.0079383889328282,1.2721784831283136,0.3876935567300804,,,
M3,features_team list without date features,HistGB,6,0.9945071043912764,0.0079917729884653,1.2736613502521572,0.386266201759733,,,
M3,features_team list (FINAL),Ridge,11,0.996017192168792,0.0082480820031136,1.2720431349119805,0.387825567800613,,,
M3,features_team list (FINAL),HistGB,11,0.9835679753868672,0.0062486860514438,1.2760049471573207,0.3840153124210151,,,
M4,scaler_none,Ridge,11,0.9960153186780072,0.0092207417734149,1.2720421574918706,0.3878265141059913,0.992592942464444,52.09489226610242,0.0003374152160133
M4,scaler_none,KNN (30% orders),11,1.3013870381760069,0.0187418846152631,1.546326043277075,0.0973696208980745,1.2266666666666668,42.73034562216616,0.1689945436438998
M4,scaler_standard,Ridge,11,0.996017192168792,0.0092216360214774,1.2720431349119805,0.387825567800613,0.9925929435663337,52.09779036908766,0.00033764273587
M4,scaler_standard,KNN (30% orders),11,1.0468467708097642,0.017718107552342,1.3524757303058808,0.3095097989316963,0.9599999999999996,52.62101948481776,-0.0038208485428829
M4,scaler_robust,Ridge,11,0.996018617617068,0.0092212999144541,1.2720432834815871,0.3878254291714872,0.9925965168667368,52.09416749612448,0.0003376558205831
M4,scaler_robust,KNN (30% orders),11,1.0987253716520138,0.0182779588069721,1.383147006516787,0.2778584870946772,1.0266666666666666,50.06669629053228,0.045907781991936
M4,scaler_minmax,Ridge,11,0.995910415734744,0.00921360846121,1.2720043223455568,0.3878629259665654,0.9926245824017528,52.09196006002797,0.0003314489942254
M4,scaler_minmax,KNN (30% orders),11,1.0462456041887678,0.018494896632782,1.356180797367298,0.305687121310677,0.9599999999999996,52.924287055018134,8.227978370528282e-05
M4,scaler_none,HistGB (tree),11,0.9835679753868672,0.0069862433905415,1.2760049471573207,0.3840153124210151,0.9825516426288944,52.21594003188268,-0.0001750077560418
M4,scaler_standard,HistGB (tree),11,0.9835679753868672,0.0069862433905415,1.2760049471573207,0.3840153124210151,0.9825516426288944,52.21594003188268,-0.0001750077560418
M4,reference,Baseline: predict the mean,11,1.4275599255711129,0.0061906666753194,1.625887735146073,-2.675026102134659e-05,1.499731353000539,31.401883748926025,1.0708716339197928e-05
M4,reference,Baseline: mean per Shipping Mode,11,0.9866942118770168,0.008128761967866,1.2710299436013393,0.3887967768597299,0.995667677985914,52.059502807906405,1.6845656085005936e-05
M4,reference,Team features: Ridge,11,0.995910415734744,0.00921360846121,1.2720043223455568,0.3878629259665654,0.9926245824017528,52.09196006002797,0.0003314489942254
M4,reference,Team features: HistGB (default),11,0.9835679753868672,0.0069862433905415,1.2760049471573207,0.3840153124210151,0.9825516426288944,52.21594003188268,-0.0001750077560418
M1,Ridge_default,Ridge,11,0.995910415734744,0.00921360846121,1.2720043223455568,0.3878629259665654,0.9926245824017528,52.09196006002797,0.0003314489942254
M1,Ridge_tuned,Ridge,11,0.9932570664030556,0.0088074392585112,1.2712339214367612,0.3886041670321194,0.9936913131429588,51.98302911617971,0.0001209657760919
M2,RandomForest_default,RandomForest,11,0.9997441973549172,0.0091780901427509,1.3019296796537794,0.3587213446138338,0.9493333333333333,52.37121228668833,0.0015304055490744
M2,RandomForest_tuned,RandomForest,11,0.964977872359018,0.010324355457198,1.2683613494966428,0.3913583967539136,0.9950905676840314,52.06382044578055,-0.0002125804730521
M3,XGBoost_default,XGBoost,11,1.002740775360336,0.0091708777311078,1.2850086786781607,0.3752802576705026,0.9749051570892334,52.04646694721242,0.0026140749362701
M3,XGBoost_tuned,XGBoost,11,0.9691993514142038,0.0099658293223789,1.2677754156599836,0.3919228794749356,0.9942285060882567,51.991195194092064,-0.0004961229326174
M4,DecisionTree_default,DecisionTree,11,1.3107580953382874,0.0090713532885289,1.829883540182866,-0.266809925860436,1.0,61.22467556382387,0.0032016083709582
M4,DecisionTree_tuned,DecisionTree,11,0.9616771698097898,0.0103269159712511,1.2666115246772205,0.3930360852481398,0.9897435179526266,52.19695898729649,-1.0432133845810496e-05
M4,KNN_default,KNN,11,1.038301088564398,0.0095222034787915,1.3510870161863735,0.309341389875586,0.9466666666666668,52.74951887285514,0.0009385405913206
M4,KNN_tuned,KNN,11,1.009063448932432,0.0094047464962389,1.2961631906129962,0.36436184418608,0.964,52.206057004493985,0.0004525956870077
Team,FINAL_test,DecisionTree,11,0.9365642064626932,,1.2481705475294895,0.4017078434458735,0.99981234753237,53.60140767877232,0.0047128996946713
M1,Ridge_default,Ridge,11,0.995910415734744,0.00921360846121,1.2720043223455568,0.3878629259665654,0.9926245824017528,52.09196006002797,0.0003314489942254
M1,Ridge_tuned,Ridge,11,0.9932570664030556,0.008807439258511258,1.2712339214367612,0.3886041670321194,0.9936913131429588,51.98302911617971,0.00012096577609196869
